"date","station","site","location","country","latitude","longitude","grav_tot","distance_to_grid_km"
"2022-09-08","bang_01","bangoi","grand_comore","comoros",-11.36711,43.37958,69,0
"2022-09-08","bang_02","bangoi","grand_comore","comoros",-11.36769,43.37429,69,0.065975335742319
"2018-09-30","bmb_01","bimbini","anjouan","comoros",-12.22042,44.25719,1676,0
"2018-10-01","bmb_02","bimbini","anjouan","comoros",-12.23277,44.2812,87,0
"2022-09-12","chin_01","chindini","grand_comore","comoros",-11.93169,43.49697,107,0
"2022-09-17","chin_02","chindini","grand_comore","comoros",-11.93565,43.49377,107,0
"2018-10-13","djrn_01","djirani","moheli","comoros",-12.28323,43.6221,137,0
"2018-10-14","djrn_02","djirani","moheli","comoros",-12.27261,43.62108,137,0
"2018-10-09","frng_01","ferenga","moheli","comoros",-12.4108,43.70401,20,0
"2018-10-10","frng_02","ferenga","moheli","comoros",-12.41786,43.70248,20,0
"2023-11-02","fss_01","fassi","grand_comore","comoros",-11.39113,43.27732,168,0.275918400624463
"2023-11-02","fss_02","fassi","grand_comore","comoros",-11.39571,43.27571,168,0.602428161520747
"2022-09-16","ifoc_01","ifoundihe_chamboini","grand_comore","comoros",-11.91326,43.42691,86,0.682078003163295
"2022-09-17","ifoc_02","ifoundihe_chamboini","grand_comore","comoros",-11.91747,43.4299,86,0.619529541219941
"2022-09-15","itso_01","itsoundzou","grand_comore","comoros",-11.873187,43.3866534,47,0.884191868930446
"2022-09-16","itso_02","itsoundzou","grand_comore","comoros",-11.8674522,43.384162,47,0.777864336979296
"2022-09-07","ivoi_01","ivoini","grand_comore","comoros",-11.39149,43.40332,94,0
"2022-09-07","ivoi_02","ivoini","grand_comore","comoros",-11.38894,43.40109,94,0
"2022-02-04","kanz_01","kanzoni","moheli","comoros",-12.400322,43.673695,2380,0
"2022-02-05","kanz_02","kanzoni","moheli","comoros",-12.407173,43.671539,2380,0.131387004991633
"2022-09-13","male_03","male","grand_comore","comoros",-11.90958,43.51859,107,0
"2022-09-13","male_04","male","grand_comore","comoros",-11.90733,43.52169,107,0
"2018-10-07","mbch_01","mbachile_napabo","grand_comore","comoros",-11.752227,43.22752,932,0.52304355390538
"2018-10-08","mbch_02","mbachile_napabo","grand_comore","comoros",-11.74426,43.23023,932,0.885076563561057
"2022-09-10","mimo_01","memboiboini","grand_comore","comoros",-11.37151,43.32579,69,0.480574529535962
"2022-09-10","mimo_02","memboiboini","grand_comore","comoros",-11.37374,43.31699,69,0.458198733742871
"2018-10-05","mits_01","mitsamiouli","grand_comore","comoros",-11.39113,43.27742,168,0.27893027763217
"2018-10-06","mits_02","mitsamiouli","grand_comore","comoros",-11.3791,43.28735,168,0
"2023-11-01","mits_03","mitsamiouli_2","grand_comore","comoros",-11.3790333,43.2881833,168,0
"2023-11-01","mits_04","mitsamiouli_2","grand_comore","comoros",-11.37499,43.29049,168,0
"2018-10-13","mrgn_01","miringoni","moheli","comoros",-12.297,43.62397,137,0
"2018-10-14","mrgn_02","miringoni","moheli","comoros",-12.30268,43.62671,137,0
"2018-10-11","mrrn_01","mirereni","moheli","comoros",-12.33908,43.65045,34,0
"2018-10-12","mrrn_02","mirereni","moheli","comoros",-12.32809,43.64773,34,0
"2023-11-04","ndje_01","ndjelezi","grand_comore","comoros",-11.37226,43.39113,69,0
"2023-11-04","ndje_02","ndjelezi","grand_comore","comoros",-11.37578,43.3952,94,0
"2022-09-06","ndro_01","ndroude","grand_comore","comoros",-11.40755,43.41835,94,0
"2022-09-06","ndro_02","ndroude","grand_comore","comoros",-11.41758,43.4235,94,0
"2018-09-27","oua_01","ouani","anjouan","comoros",-12.14242,44.41511,382,0
"2018-09-28","oua_02","ouani","anjouan","comoros",-12.153825,44.40403,45,0.0049890191439961
"2018-10-15","ptou_01","point_ouani","moheli","comoros",-12.24682,43.65845,137,0.204110236247349
"2018-10-16","ptou_02","point_ouani","moheli","comoros",-12.24845,43.65062,137,0.312911293323771
"2018-10-10","samb_01","sambia","moheli","comoros",-12.38775,43.78609,680,0
"2018-10-11","samb_02","sambia","moheli","comoros",-12.39301,43.79161,680,0
"2022-11-18","din_01","dindini","mafia_island_marine_park","tanzania",-7.92177,39.82523,46,0
"2022-11-18","din_02","dindini","mafia_island_marine_park","tanzania",-7.92628,39.82433,46,0
"2019-11-13","fgi_01","fundo_gap_inner","pemba_is","tanzania",-5.0138,39.66669,217,0
"2019-11-13","fgi_02","fundo_gap_inner","pemba_is","tanzania",-5.00948,39.66764,217,0
"2019-11-15","fug_01","fundo_coral_garden","pemba_is","tanzania",-5.00175,39.65602,217,0
"2019-11-17","fug_02","fundo_coral_garden","pemba_is","tanzania",-5.00113,39.65659,217,0.068709790356732
"2019-11-14","fuo_01","fundo_outer","pemba_is","tanzania",-5.04223,39.64186,130,0
"2019-11-14","fuo_02","fundo_outer","pemba_is","tanzania",-5.04704,39.64025,130,0
"2022-11-16","kif_01","kifinge","mafia_island_marine_park","tanzania",-7.84939,39.86331,119,0
"2022-11-16","kif_02","kifinge","mafia_island_marine_park","tanzania",-7.85414,39.86386,119,0
"2022-11-17","kik_01","kisiwa_kikubwa","mafia_island_marine_park","tanzania",-7.95904,39.79773,46,0
"2022-11-20","kitin_01","kitutia_inner","mafia_island_marine_park","tanzania",-8.11881,39.65028,52,0
"2022-11-20","kitin_02","kitutia_inner","mafia_island_marine_park","tanzania",-8.12197,39.65401,52,0
"2022-11-21","kitout_01","kitutia_outer","mafia_island_marine_park","tanzania",-8.13151,39.64531,47,0
"2022-11-21","kitout_02","kitutia_outer","mafia_island_marine_park","tanzania",-8.13405,39.64901,47,0
"2019-11-16","kug_01","kokota_uvinje_gap","pemba_is","tanzania",-5.13608,39.64122,127,0
"2019-11-16","kug_02","kokota_uvinje_gap","pemba_is","tanzania",-5.13836,39.63672,127,0
"2019-11-12","man_01","mandela","pemba_is","tanzania",-4.9971,39.65572,102,0.148516608500379
"2019-11-12","man_02","mandela","pemba_is","tanzania",-4.99211,39.65435,102,0.2639934317227
"2022-11-15","mgein_01","mange_inner","mafia_island_marine_park","tanzania",-8.05631,39.60419,56,0
"2022-11-15","mgein_02","mange_inner","mafia_island_marine_park","tanzania",-8.04771,39.59784,56,0
"2021-11-22","mgeout_01","mange_outer","mafia_island_marine_park","tanzania",-8.07862,39.59646,56,0
"2022-11-22","mgeout_02","mange_outer","mafia_island_marine_park","tanzania",-8.07903,39.60093,56,0
"2022-11-13","mil_01","utumbi","mafia_island_marine_park","tanzania",-7.94522,39.78382,180,0
"2019-11-10","mis_01","misali","pemba_is","tanzania",-5.23994,39.59536,114,0
"2019-11-10","mis_02","misali","pemba_is","tanzania",-5.24336,39.59339,114,0
"2022-11-17","msu_01","kisiwa_kikubwa","mafia_island_marine_park","tanzania",-7.96221,39.7943,46,0
"2019-11-09","njc_01","njao_coral_garden","pemba_is","tanzania",-4.95431,39.6672,102,0
"2019-11-09","njc_02","njao_coral_garden","pemba_is","tanzania",-4.95802,39.6694,102,0
"2019-11-06","njg_01","njao_gap","pemba_is","tanzania",-4.95902,39.66761,102,0
"2022-11-14","nyn_01","nyamalile_north","mafia_island_marine_park","tanzania",-8.0285,39.510833,67,0
"2022-11-14","nys_01","nyamalile_south","mafia_island_marine_park","tanzania",-8.042,39.508667,63,0
"2019-11-07","par_01","paradise","pemba_is","tanzania",-4.91343,39.67091,102,0
"2019-11-05","scs_01","scorpions_secret","pemba_is","tanzania",-4.88761,39.67553,153,0.0740083779858615
"2019-11-05","scs_02","scorpions_secret","pemba_is","tanzania",-4.8825,39.67491,153,0.142305251703846
"2019-11-08","shi_01","shimba","pemba_is","tanzania",-4.87537,39.67348,153,0.0767180884938547
"2019-11-08","shi_02","shimba","pemba_is","tanzania",-4.87225,39.67199,153,0
"2022-11-13","utm_01","utumbi","mafia_island_marine_park","tanzania",-7.94784,39.78749,46,0
"2022-11-19","yuy_01","yuyuni","mafia_island_marine_park","tanzania",-7.198201,39.81374,123,16.3377508584814
"2022-11-19","yuy_02","yuyuni","mafia_island_marine_park","tanzania",-7.98624,39.81177,46,0
"2021-04-12","mkk_01","makokokwe","kisite_marine_national_park","kenya",-4.72326,39.33669,312,0
"2021-04-12","mkk_02","makokokwe","kisite_marine_national_park","kenya",-4.72159,39.33532,312,0
"2021-04-13","kse_02","kisite_east","kisite_marine_national_park","kenya",-4.715047013,39.38061403,300,0
"2021-04-13","kse_01","kisite_east","kisite_marine_national_park","kenya",-4.71487,39.38127,300,0
"2021-04-15","ump_01","upper_mpunguti","kisite_marine_national_reserve","kenya",-4.70173,39.4051,300,0
"2021-04-15","ump_02","upper_mpunguti","kisite_marine_national_reserve","kenya",-4.69941,39.40873,300,0
"2021-04-14","lmp_01","lower_mpunguti","kisite_marine_national_reserve","kenya",-4.69086,39.39813,300,0
"2021-04-14","lmp_02","lower_mpunguti","kisite_marine_national_reserve","kenya",-4.68446,39.39701,300,0
"2022-10-18","mjk_02","mji_wa_kale","mkwiro","kenya",-4.65837,39.39407,300,0
"2022-10-18","mjk_01","mji_wa_kale","mkwiro","kenya",-4.65693,39.3994,300,0
"2020-11-23","was_02","wasini_tengefu","wasini","kenya",-4.65436,39.36415,312,0
"2020-11-23","was_01","wasini_tengefu","wasini","kenya",-4.65405,39.3628,312,0
"2022-10-17","ngm_01","ngomani","kibuyuni","kenya",-4.64668,39.32629,312,0
"2022-10-17","ngm_02","ngomani","kibuyuni","kenya",-4.64581,39.3316,312,0
"2022-03-04","mwk_01","mwakinyavu","msambweni","kenya",-4.56582,39.47786,287,0
"2022-03-04","mwk_02","mwakinyavu","msambweni","kenya",-4.56088,39.47862,287,0
"2022-03-30","klg_01","kilingoni","munje","kenya",-4.54755,39.46273,345,0
"2022-02-04","mbo_02","mboe","msambweni","kenya",-4.54421,39.48566,629,0
"2022-04-02","mbo_01","mboe","msambweni","kenya",-4.53941,39.4878,629,0
"2022-04-01","mli_01","mliani","msambweni","kenya",-4.53723,39.46921,629,0
"2022-04-01","mli_02","mliani","msambweni","kenya",-4.53429,39.46857,629,0
"2022-03-31","jkw_02","jamba_wa_kwale","msambweni","kenya",-4.52081,39.50502,629,0
"2022-03-31","jkw_01","jamba_wa_kwale","msambweni","kenya",-4.516,39.50863,629,0
"2022-04-04","aru_01","arusha","msambweni","kenya",-4.48763,39.51693,629,0
"2022-04-04","aru_02","arusha","msambweni","kenya",-4.48453,39.51809,629,0
"2022-04-05","mek_02","mekka","msambweni","kenya",-4.48421,39.52488,629,0
"2022-04-05","mek_01","mekka","msambweni","kenya",-4.482,39.52639,629,0
"2022-10-19","mps_02","mapasi","mkunguni","kenya",-4.47471,39.50128,629,0
"2022-10-19","mps_01","mapasi","mkunguni","kenya",-4.47096,39.50707,629,0
"2021-11-17","cha_01","chale","msambweni","kenya",-4.4621,39.53681,2832,0
"2021-11-17","cha_02","chale","msambweni","kenya",-4.45619,39.53984,2832,0
"2021-11-20","kmo_01","kinondo_makonde","diani","kenya",-4.40924,39.56028,503,0
"2021-11-20","kmo_02","kinondo_makonde","diani","kenya",-4.40924,39.56028,503,0
"2021-11-16","mvu_01","mvureni","diani","kenya",-4.35188,39.57766,975,0
"2021-11-22","dnr_02","diani_reef","diani","kenya",-4.28317,39.60162,5016,0
"2021-11-22","dnr_01","diani_reef","diani","kenya",-4.27953,39.60407,5016,0
"2021-11-21","kkd_02","kikadini","waa","kenya",-4.21481,39.61696,5016,0
"2021-11-21","kkd_01","kikadini","waa","kenya",-4.21028,39.61793,5016,0
"2021-11-19","mgd_01","magandia","waa","kenya",-4.18336,39.63314,7608,0
"2021-11-19","mgd_02","magandia","waa","kenya",-4.18005,39.63612,7608,0
"2021-11-18","ksm_02","kaya_similani","waa","kenya",-4.15567,39.65119,919,0
"2021-11-18","ksm_01","kaya_similani","waa","kenya",-4.1511,39.65393,919,0
"2021-11-23","and_02","andromache","likoni","kenya",-4.10642,39.68922,41790,0
"2021-11-23","and_01","andromache","likoni","kenya",-4.10165,39.68993,41790,0
"2021-03-24","lev_01","leven","mombasa_marine_national_reserve","kenya",-4.06152,39.72062,41790,0
"2023-03-23","nycg_01","nyali_coral_garden","mombasa_marine_national_reserve","kenya",-4.06005,39.71089,41790,0
"2021-03-24","lev_02","leven","mombasa_marine_national_reserve","kenya",-4.05775,39.72238,41790,0
"2023-02-23","riw_01","ras_iwatine","mombasa_marine_national_reserve","kenya",-4.02071,39.73404,1335,0
"2022-10-27","lbb_02","lobster_bank","mombasa_marine_national_park","kenya",-3.99619,39.7544,1869,0
"2023-03-24","str_01","starfish","mombasa_marine_national_park","kenya",-3.99418,39.74729,1869,0
"2022-10-27","lbb_01","lobster_bank","mombasa_marine_national_park","kenya",-3.99338,39.75605,1869,0
"2022-10-28","mbcg_01","mombasa_coral_garden","mombasa_marine_national_park","kenya",-3.99084,39.75045,1869,0
"2021-03-25","kas_02","kasa","mombasa_marine_national_park","kenya",-3.98323,39.76153,1869,0
"2022-10-26","brc_02","brain_coral","mombasa_marine_national_park","kenya",-3.98243,39.76188,1869,0
"2022-10-26","brc_01","brain_coral","mombasa_marine_national_park","kenya",-3.97886,39.76498,1869,0
"2021-03-25","kas_01","kasa","mombasa_marine_national_park","kenya",-3.97755,39.76639,1869,0
"2022-10-25","jbr_02","jumbo_ruins","kanamai","kenya",-3.95686,39.78,1869,0
"2022-10-25","jbr_01","jumbo_ruins","kanamai","kenya",-3.95232,39.78207,1869,0
"2020-11-24","mrd_01","mradi_tengefu","kanamai","kenya",-3.94492,39.7806,1869,0
"2020-11-25","kur_01","kuruwitu_tengefu","vipingo","kenya",-3.80801,39.83634,505,0
"2020-11-25","kur_02","kuruwitu_tengefu","vipingo","kenya",-3.80468,39.83561,505,0
"2022-11-03","wmb_02","wembe","kuruwitu","kenya",-3.76662,39.84587,505,0
"2021-02-16","vms_01","vuma_south","vuma","kenya",-3.762467,39.848483,505,0
"2022-11-03","wmb_01","wembe","kuruwitu","kenya",-3.76209,39.8414,505,0.445584812640051
"2021-02-16","vms_02","vuma_south","vuma","kenya",-3.758617,39.84935,505,0
"2021-02-15","vmn_01","vuma_north","vuma","kenya",-3.739983,39.856283,758,0
"2021-02-15","vmn_02","vuma_north","vuma","kenya",-3.736633,39.8565,758,0
"2022-11-04","tkg_01","takaungu","kilifi_plantation","kenya",-3.66621,39.88277,758,0
"2021-03-16","kiln_01","kilifi_north","kilifi","kenya",-3.63088,39.89233,7072,0
"2021-03-16","kiln_02","kilifi_north","kilifi","kenya",-3.62615,39.89341,7072,0
"2021-03-17","uyo_02","uyombo","watamu_marine_national_reserve","kenya",-3.4253,39.97349,329,0
"2021-03-17","uyo_01","uyombo","watamu_marine_national_reserve","kenya",-3.42151,39.97653,329,0
"2021-03-18","mor_02","moray","watamu_marine_national_reserve","kenya",-3.38275,40.00785,617,0
"2021-04-01","wcg_01","watamu_coral_garden","watamu_marine_national_park","kenya",-3.38165,39.99378,630,0
"2021-03-18","mor_01","moray","watamu_marine_national_reserve","kenya",-3.37962,40.0112,617,0
"2021-04-01","wcg_02","richard_bennet","watamu_marine_national_park","kenya",-3.37821,39.9974,630,0
"2020-11-20","tur_02","turtle_reef","watamu_marine_national_park","kenya",-3.37676,40.00369,617,0
"2020-11-20","tur_01","turtle_reef","watamu_marine_national_park","kenya",-3.37573,40.00408,617,0
"2021-03-19","dol_01","dolphin","watamu_marine_national_reserve","kenya",-3.37035,40.01969,617,0
"2021-03-19","dol_02","dolphin","watamu_marine_national_reserve","kenya",-3.36778,40.02478,617,0
"2021-03-29","jac_02","jacaranda","malindi_marine_national_reserve","kenya",-3.31462,40.124,309,0
"2021-03-29","jac_01","jacaranda","malindi_marine_national_reserve","kenya",-3.31053,40.12719,309,0
"2020-11-19","pap_01","papa_reef","malindi_marine_national_park","kenya",-3.26395,40.14376,5086,0
"2020-11-19","pap_02","papa_reef","malindi_marine_national_park","kenya",-3.26084,40.14191,5086,0
"2021-03-31","mlcg_02","malindi_coral_garden","malindi_marine_national_park","kenya",-3.25932,40.14463,5086,0
"2021-03-31","mlcg_01","malindi_coral_garden","malindi_marine_national_park","kenya",-3.25604,40.14085,5086,0
"2021-03-30","nor_01","north_reef","malindi_marine_national_park","kenya",-3.24697,40.14929,5086,0
"2021-03-30","nor_02","north_reef","malindi_marine_national_park","kenya",-3.24513,40.14784,5086,0
"2020-11-17","mar_01","marereni_tengefu","marereni","kenya",-2.87981,40.20876,177,0
"2022-03-03","kny_01","kinyika_inner","lamu","kenya",-2.43039,40.8404,83,0
"2022-03-05","knyo_01","kinyika_outer","lamu","kenya",-2.430123,40.842049,83,0
"2023-02-12","mwy_01","mwamba_yee","shanga","kenya",-2.23677,41.07044,73,0
"2023-02-21","mat_01","manda_toto","lamu","kenya",-2.21796,40.97657,71,0
"2022-03-04","iwe_01","iweni","lamu","kenya",-2.214504,41.018066,68,0
"2023-02-17","pet_02","pethali","shanga","kenya",-2.20477,41.05257,68,0
"2023-02-17","pet_01","pethali","shanga","kenya",-2.20232,41.05655,68,0
"2023-02-19","mtb_01","mtanga_wa_bandari","pate","kenya",-2.18239,41.02393,68,0
"2023-02-10","pop_01","popo","shanga","kenya",-2.18108,41.04583,68,0
"2023-02-10","sag_01","sagafu","shanga","kenya",-2.17478,41.02607,68,0
"2023-02-11","chp_01","chipopo","pate","kenya",-2.16603,41.03939,68,0
"2023-02-11","jmi_01","jumba_idodi","pate","kenya",-2.16291,41.04219,68,0
"2023-02-18","kfc_01","kadhikia_fawachu","kizingitini","kenya",-2.15301,41.15146,64,0
"2023-02-18","chm_01","chambani","kizingitini","kenya",-2.15035,41.17268,57,0
"2023-02-16","ktw_01","kitwani","kizingitini","kenya",-2.10469,41.17887,61,0
"2023-02-19","mab_01","mabiyu","kizingitini","kenya",-2.09127,41.17648,61,0
"2023-02-15","sht_01","shimo_la_tewa","kiunga_marine_reserve","kenya",-2.04374,41.24154,53,0
"2023-03-22","ccc_01","chongo_cha_chano","mkokoni","kenya",-2.001709,41.329818,58,0
"2023-02-14","miko_02","mikes_outer","kiunga_marine_reserve","kenya",-1.99774,41.29116,58,0
"2023-02-14","miko_01","mikes_outer","kiunga_marine_reserve","kenya",-1.9938,41.29127,58,0
"2023-02-14","miki_01","mikes_inner","kiunga_marine_reserve","kenya",-1.99245,41.28386,58,0.252490746378772
"2023-02-13","mkcg_01","mkokoni_coral_garden","kiunga_marine_reserve","kenya",-1.96254,41.30585,76,0
"2023-03-20","mhd_01","muhindi","mkokoni","kenya",-1.905207,41.371677,57,0
"2023-03-20","cho_01","chole","mkokoni","kenya",-1.889727,41.381708,57,0
"2023-03-21","ccs_01","chongo_cha_sharifu","mkokoni","kenya",-1.879967,41.438103,54,0
"2023-03-27","kui_01","kui","kiunga","kenya",-1.826736,41.444974,62,0
"2023-03-25","mwm_01","mwamba_mkuu","kiunga","kenya",-1.778497,41.510267,109,0
"2023-03-24","ccb_01","chongo_cha_boso","kiunga_marine_reserve","kenya",-1.752606,41.540772,64,0
"2023-03-25","bos_01","boso","kiunga_marine_reserve","kenya",-1.744037,41.520901,64,0
"2023-03-26","mgl_01","magulugulu","kiunga","kenya",-1.726246,41.536928,64,0
"2023-03-24","kkr_01","kadhikia_kuru","kiunga_marine_reserve","kenya",-1.723652,41.537266,64,0
"2023-03-26","dzi_01","dhiwa_za_ishakani","kiunga_marine_reserve","kenya",-1.707995,41.545832,64,0
