date,station,site,location,country,latitude,longitude,rugosity,viz,temp,max_depth_m,min_depth_m,div_maxd,habitat
2021-11-23,and_01,andromache,likoni,kenya,-4.10165,39.68993,2,14,26,16,7,21,"Reef with with more dead corals at about 10m, soft corals and encrusting hard corals. Halimeda upto about 17m."
2021-11-23,and_02,andromache,likoni,kenya,-4.10642,39.68922,1,12,26,15,8.2,10.9,Reef area with very few isolated hard coral colonies. Some sponges and dominance of macroalgae. Several blue spotted8 rays 
2022-04-04,aru_01,arusha,msambweni,kenya,-4.48763,39.51693,1.5,20,29,12,10.2,11.2,"Reef dominated with hard corals and soft corals to 10m, sponges and few colonies of hard corals upto 14m with sand and rubble from 16m"
2022-04-04,aru_02,arusha,msambweni,kenya,-4.48453,39.51809,2,12,29,10.6,9.4,15.9,"Forereef flat with rubble and seagrass towards shore, sponges and soft corals dominating the main reef areas with isolated big hard coral colonies. Dead standing acropora colonies likely from bleaching"
2018-09-27,oua_01,ouani,anjouan,comoros,-12.14242,44.41511,NA,20,27,22,17,22,"isolated pinnacle with high coral cover at 17m on top and sloping rapidly. High cover and moderately diverse hard coral – Acropora and Porites common, some Pocillopora and encrusting corals, but no colonies larger than about 1-1.5 m. some severe damage in some parts which looked like large anchor damage. Fish depleted both in abundance and species diversity"
2018-09-28,oua_02,ouani,anjouan,comoros,-12.153825,44.40403,NA,17,27,23.5,6,23.5,"Fringing reef of strongly defined spur and groove structure close to shore with high relief and high live coral on the spurs. Turf algal common on dead coral. Spur and groove depth from ~ 4m to 20m. Sand and Padina macro-algae in the grooves. Fsih depauperate - few species few numbers, and larger species absent."
2018-09-30,bmb_01,bimbini,anjouan,comoros,-12.22042,44.25719,NA,25,29,20,7,20,"Fringing reef beyond the lagoon with 30 degree slope, moderately low coral cover – largely dead reef with several young Acropora and Porites coral heads. Calcareous algal cover relatively high.  Reef ends at around 19-20 of rubble and turf algae which continues sloping to depth.
Coral mortality looks old – maybe a combination of southern facing reef edge so very exposed in SE trade winds, possibly cyclone damage and a large bleaching event – perhaps 1998?
Higher diversity of species and more planktivorous schooling acanthurids – Naso spp.and Acanthurus ring tails. Fringing reef beyond the lagoon with 30 degree slope, moderately low coral cover – largely dead reef with several young Acropora and Porites coral heads. Calcareous algal cover relatively high.  Reef ends at around 19-20 of rubble and turf algae which continues sloping to depth.
Coral mortality looks old – maybe a combination of southern facing reef edge so very exposed in SE trade winds, possibly cyclone damage and a large bleaching event – perhaps 1998?
"
2018-10-01,bmb_02,bimbini,anjouan,comoros,-12.23277,44.2812,NA,26,28,24,9,24,"Forereef largely dead plateau at ~7-10m, to an edge at 12-13m then slopes at 35 deg w more LC and more rugose. Fish abudance and diversity low, but more scarid and chaetodon spp."
2023-03-25,bos_01,boso,kiunga_marine_reserve,kenya,-1.744037,41.520901,2,10,28,2,2,NA,NA
2022-10-26,brc_01,brain_coral,mombasa_marine_national_park,kenya,-3.97886,39.76498,2,12,26,15.9,5,NA,45 degree slope to 22m. Rubble at 15m. Lots of dead coral. Banks of rubble and some live coral. Plateau at 10m then slope
2022-10-26,brc_02,brain_coral,mombasa_marine_national_park,kenya,-3.98243,39.76188,2,12,25,15.8,3.5,16,46 degree slope to 22m. Rubble at 15m. Lots of dead coral. Banks of rubble and some live coral. Plateau at 10m then slope
2023-03-24,ccb_01,chongo_cha_boso,kiunga_marine_reserve,kenya,-1.752606,41.540772,3,12,28,22.3,11.1,NA,NA
2023-03-22,ccc_01,chongo_cha_chano,mkokoni,kenya,-2.001709,41.329818,2,10,28,17.4,16.3,NA,NA
2023-03-21,ccs_01,chongo_cha_sharifu,mkokoni,kenya,-1.879967,41.438103,2,10,27,20.3,11.5,NA,NA
2022-09-08,bang_02,bangoi,grand_comore,comoros,-11.36769,43.37429,2,16,26,11.6,6,13,"rubble and dead coral boomies on sand at 10m. Spurs on sand from 6m to 10m covered at 40-50% by small acropora, pocillopora and soft corals"
2022-09-08,bang_01,bangoi,grand_comore,comoros,-11.36711,43.37958,2,20,26.2,16.4,13,18,extensive flat rubble and dead coral boomies on sand at 15m.
2021-11-17,cha_01,chale,msambweni,kenya,-4.4621,39.53681,2,10,27,14.9,8.1,19.8,Encusting corals and solitary herpolitha and fungia at 8m. Dominant SC from 10m
2021-11-17,cha_02,chale,msambweni,kenya,-4.45619,39.53984,3,13,27,12,8.2,17.4,"Soft coral dominance between 6-8m, isolated coral bommies from 8m. Some pacthes of macroalgae"
2023-02-18,chm_01,chambani,kizingitini,kenya,-2.15035,41.17268,1,8,27,5.6,3.9,NA,NA
2023-03-20,cho_01,chole,mkokoni,kenya,-1.889727,41.381708,4,9,28,4,1,NA,"Coral reef patch, high live coral cover, high rugosity, huge porites boulders"
2023-02-11,chp_01,chipopo,pate,kenya,-2.16603,41.03939,3,7,29,4,1,NA,"Gully running E-W between shallow reef flats. Porites bommies around edge of gully. Sandy bottom at 5m between bommies, surounded by seagrass on around the edge of the gully."
2021-11-22,dnr_01,diani_reef,diani,kenya,-4.27953,39.60407,1.5,15,27,16,11.7,18.1,hard substrate with Halimeda common and encrusting hard corals (echinopora). Big school of L. fulviflamma
2021-11-22,dnr_02,diani_reef,diani,kenya,-4.28317,39.60162,1,13,27,8.4,7.6,11.3,"Dominated by macroalgae, sargassum with very few isolated colonies of encrusting corals, no any evidence of rich hard corals or other substrate other than macroalgae"
2021-03-19,dol_01,dolphin,watamu_marine_national_reserve,kenya,-3.37035,40.01969,3,15,27,16.2,10,22,HC and Sc from 10m on a flat with many dead acropora colonies rubble and sand on deap area from 20m
2022-11-18,din_02,dindini,mafia,tanzania,-7.92628,39.82433,1,17,27,15,7,22.5,"Reef plateau of bare rock at 5-7m, with Turbinaria and some small coral heads and soft corals. Sea urchins abundant, looks like Echinothrix diadema. Steep rock wall, 80degrees, from 10-12 m dropping to 18-25m. "
2022-11-18,din_01,dindini,mafia,tanzania,-7.92177,39.82523,1,22,27,16,8,18.5,"Patchy reef among seagrass beds with dead coral bommies covered in soft corals, dead on top in <2m."
2022-09-12,chin_03,chindini,grand_comore,comoros,-11.93169,43.49697,2,20,25.3,14.3,10,15,spurs and sandy gullies with scattered hard coral mostly acropora and encrusting. High sedimentation
2022-09-17,chin_04,chindini,grand_comore,comoros,-11.93565,43.49377,2,15,26.7,14.2,8,15,"spurs to 13m. Sand, rubbles and island of dead coral. Scattered large porites. 2 hawksbill turtle. High abundance of fish around one particular island, including a napoleon wrasse"
2021-03-19,dol_02,dolphin,watamu_marine_national_reserve,kenya,-3.36778,40.02478,3,15,27,16,10.2,21,Low relief at on flat shallow 10m and changing to gentle slope 20 from 14m manay dead acropora at about 12-14m
2023-03-26,dzi_01,dhiwa_za_ishakani,kiunga_marine_reserve,kenya,-1.707995,41.545832,2,12,28,2,2,NA,NA
2023-11-02,fss_01,fassi,grand_comore,comoros,-11.39113,43.27732,3,19,27,12,8,13.5,"coral slope to sand at 12m. mostly dead, isolated live corals (acropora) and some small massives"
2023-11-02,fss_02,fassi,grand_comore,comoros,-11.39571,43.27571,2,21,27,13,8,15.3,"30 degree coral slope to sand . Fishing line and rubbish. Large structures, Coral largely dead"
2018-10-05,mits_01,mitsamiouli,grand_comore,comoros,-11.39113,44.27742,NA,29,29,14,6,14.8,"shallow low rugosity fringing forereef about 1km from shore. Largely DC (50%), sloping to sand and rubble at ~15m."
2018-10-06,mits_02,mitsamiouli,grand_comore,comoros,-11.3791,43.287350000000004,NA,20,26,19,7,20,"Largely dead very irregular reef patches on sand. Lagoon like, to ~19m. Some sand areas, very few live Acropora coral heads "
2019-11-15,fug_01,fundo_coral_garden,pemba_is,tanzania,-5.00175,39.65602,NA,16,27,15,6,20.6,"Reef plateau at 5m with dead coral and sand and in areas very high live coral - some large areas of live Pavona and encrusting Montipora, and live Acropora plates (over 2m in diameter) at 6m. Reef edge at 5m drops 70-90 degrees and at ~ 14m to 17m live coral cover high – large areas of Montipora, large Acropora plates. Huge colony of Pavona. Many fungids. Reef extends out in a spur before turning into the channel. Here bottom of sand can be seen at ~ 17m. No sign of any damage from fishing gears. Another “coral garden”! Fish relatively abundant at this site, and larger – L. harak, Monotaxis grandoculis, some L. bohar, larger parrotfishes. But no grouper."
2019-11-17,fug_02,fundo_coral_garden,pemba_is,tanzania,-5.00113,39.65659,NA,13,27,13,6,NA,"Sandy plateau with isolated coral patches at ~ 6m. Then slopes at 45-65 degrees to a sand bottom at ~ 25m. Forereef with moderate live coral cover, and realtively diverse in places, and high cover of Echinopora in other areas. On steeper slopes coral ends at 12m and then a slope of rubble and sand to ~ 17m. Bubble coral (Plerogyra or Physogyra) common. Halimeda present. Damaged and broken coral in places with soft corals common. Dead coral looks like fishing gear damage, maybe ringnet gear or even dynamite. Fish density and diversity low."
2019-11-13,fgi_01,fundo_gap_inner,pemba_is,tanzania,-5.0138,39.66669,NA,9.5,28,6,3.5,6,"Narrow strip of small patches of reef on inner side of Fundo Island at 3-6 m, bordering patches of seagrass and large areas of sand. Turbid. Some live coral, notably Lobophyllia, Galaxea and Platygyra. Sea whips. Halimeda in places at 6m. Soft corals and sponges dominate, with dead coral and some rubble. Some sea urchins. Several juvenile scarids, labrids relativel diverse, "
2019-11-13,fgi_02,fundo_gap_inner,pemba_is,tanzania,-5.00948,39.66764,NA,9,27,8,4,8,"Narrow strip of reef on inner side of Fundo Island further north of FGI_01, slightly more structure and corals at 4-8 m, bordering patches of seagrass and large areas of sand. Seagrass also seaward of the reef strip. A lot of old dead coral, many sponges including very large vase sponges, hydroids, anemones. Mulloidichthys flavolineatus common. "
2019-11-14,fuo_02,fundo_outer,pemba_is,tanzania,-5.04704,39.64025,NA,26,26,15,9,17.4,"Forereef of 70 degree wall, drops out of sight beyond 20m. Mostly dead coral, some very small Porites colonies are some of the only live coral. Lots of sand, very similar to FUO_01. Cold upwelling. Lots of planktivores – Naso spp, especially N. thynnoides."
2019-11-14,fuo_01,fundo_outer,pemba_is,tanzania,-5.04223,39.64186,NA,21,28,16.5,8,20.9,"Sand plateau at 5m with scattered dead coral and sponges, some massive Porites and many sea urchins. Reef edge at 10-11m and then drops at 90 degrees to sand and dead coral. Some large dead corals have fallen down the steep wall. Sponges abundant from 9m down. Small Porites bommies relatively common. Forereef of mainly high rugosity dead coral, sand and rubble, with very large pieces of broken coral. Looks like some sort of destructive fishing perhaps – maybe ringnetting? Not fully clear why the reef is so dead  - to beyond visibility, could not see the bottom.Relatively abundant fish compared to other sites and moderately diverse. First schools of snapper – Lutjanus kasmira, lots of fusiliers and Lethrinus harak, and parrotfish more abundant here compared to other sites, with some of the first TPs seen – eg Scarus russelli. Cephalopholis miniata also quite common and relatively large"
2018-10-07,mbch_01,mbachile_napabo,grand_comore,comoros,-11.752227,43.22752,NA,22,25,19,7,22,"Reef comprises, dead coral, sand, rock and algal turf, some macro-algae. No soft coral. Aphareus furca and Pterois sp. relatively common."
2018-10-08,mbch_02,mbachile_napabo,grand_comore,comoros,-11.74426,43.23023,NA,23,25,17,7,19,"Spur and groove structure reef close to shore with low relief and some silt, dominated by rubble and soft coral, with sand and rubbles in the grooves. Live coral ~ 20% dominated by small Porites heads. Anemones quite common. Top plateau at ~ 10m then drops steeply to rubble. Rubbish common especially nappies!"
2022-09-16,ifoc_01,ifoundihe_chamboini,grand_comore,comoros,-11.91326,43.42691,1,15,26.1,13.3,8,15,"Basaltic slope, makes a plateau at 20ºfrom 5m to 15m depth with lots of small porites and scattered large rocky relief, then drops with 50º. Fewer acropora, high soft coral cover"
2022-09-17,ifoc_02,ifoundihe_chamboini,grand_comore,comoros,-11.91747,43.4299,1,15,26.7,12.6,7,14,"Basaltic slope, makes a plateau at 20º  to 20m depth. high soft coral cover (about 60%). Very few big fish"
2022-09-15,itso_01,itsoundzou,grand_comore,comoros,-11.873187,43.3866534,4,20,25.8,16.5,6,20,Steep slope and wall dropping to 40m+.  High hard coral cover >85% with lot of leafy hard corals. Low fish abundance
2022-09-16,itso_02,itsoundzou,grand_comore,comoros,-11.8674522,43.384162,4,15,26.7,15.7,8,18," High hard coral cover >80%, good diversity of the hard coral including leafy hard corals (40-50% of HC), acropora, porites. 50º slope to 15m then drop to some extent"
2022-03-04,iwe_01,iweni,lamu,kenya,-2.214504,41.018066,2,7,26,5.6,4.2,5.6,Shallow sheltered reef with sand on the edge 6m and reef flat adjacent to mangrove areas on the landward side. Massive galaxea with big massive porites along the edge
2021-03-29,jac_01,jacaranda,malindi_marine_national_reserve,kenya,-3.31053,40.12719,1,10,29,6.8,4.5,6.8,"Rubble and macroalgae dominant, very few isolated coral colonies, Flat with rubble and sand at 7m Bigger rubble at 6m, poor viz"
2021-03-29,jac_02,jacaranda,malindi_marine_national_reserve,kenya,-3.31462,40.124,1,10,30,7.3,4,7.3,"Medium relief with dead coral, sand and rubble from 7m, some millepora colonies"
2022-10-25,jbr_01,jumbo_ruins,kanamai,kenya,-3.95232,39.78207,3,7,28,8.3,4.6,NA,Soft coral dominated outer reef slope with ridges and caves with occasional hard corals. Slope to 15m
2022-10-25,jbr_02,jumbo_ruins,kanamai,kenya,-3.95686,39.78,2,5,28,4.2,3.6,NA,First transect flat dominated by macroalgae and occasional soft corals. 2nd transect reef slope to 15m dominated by soft corals and ridges
2022-03-31,jkw_01,jamba_wa_kwale,msambweni,kenya,-4.516,39.50863,1.5,12,29,9.6,7.3,10.3,"Sand and corals from 7m to 10m, flat with rubble below 10m large dead acropora with smaller colinies growing on top. Dominant soft corals"
2022-03-31,jkw_02,jamba_wa_kwale,msambweni,kenya,-4.52081,39.50502,1.5,12,29,10.3,7.8,10.1,"Rich soft corals and hard corals from 4m to 10m, rubble and sand from 10m. A a gently slope of 5"
2023-02-11,jmi_01,jumba_idodi,pate,kenya,-2.16291,41.04219,1,7,28,3,2,NA,"Reef flat of rubble, seagrass and sand. Few live small coral recruits. Soft corals, sponges and hydroids."
2021-03-25,kas_01,kasa,mombasa_marine_national_park,kenya,-3.97755,39.76639,1.5,12,29,15,9.7,20.1,"Bare substrate, sand and rubble at 20m, many rays on the sandy patches at 20m. Medium relief from DC at 17m low relief at 10m. Slope of 30 to 20m then flat."
2021-03-25,kas_02,kasa,mombasa_marine_national_park,kenya,-3.98323,39.76153,1.5,14,29,14,10,22,HC and SC from 6m slope of 30 deom 8m Dc forming medium relief at about 12 to 18m dead acropora colonies at 10m 
2022-09-07,ivoi_01,ivoini,grand_comore,comoros,-11.39149,43.40332,1.5,20,26.3,18,10,18,spurs on sand. Scattered pocillopora and acropora. High sedimentation. Rubble and sand. Few fish
2022-09-07,ivoi_02,ivoini,grand_comore,comoros,-11.38894,43.40109,1.5,18,26.3,11.1,7,13,large spurs on sand. Very few scattered live hard coral. High sedimentation. Rubble and sand. Few fish
2023-02-18,kfc_01,kadhikia_fawachu,kizingitini,kenya,-2.15301,41.15146,2,7,28,2.5,1.1,NA,NA
2021-03-16,kiln_01,kilifi_north,kilifi,kenya,-3.63088,39.89233,2,14,28,16,9,20,"Halimeda dominated upto to 20m, low relief, low hard coral cover, some dead acropora, big soft coral patches at 10m. Echinothrix at around 10m"
2021-03-16,kiln_02,kilifi_north,kilifi,kenya,-3.62615,39.89341,2,15,28,16,10,21,"Halimeda common and a section with another MA to chec.,Sand and rubble at 20m, medium topography at 15m, mainly dead coral and some areas of high coral cover"
2021-11-21,kkd_01,kikadini,waa,kenya,-4.21028,39.61793,3,11,27,10.5,4.5,10.6,"Rubble and sand channel at 10 m, some patches of bare substrate with few isolated sponges.  Sand at 12 m, old bommies on bare sand. Well established reef at 7-9m dominated by soft corals"
2022-11-16,kif_02,kifinge,mafia,tanzania,-7.85414,39.86386,4,23,27,17.1,9.5,22.5,"Upper plateau at 6-8m, then a short wall to ~ 12 m, then slopes to 15m – 17m at sand. Reef slope dominated by soft corals, occasional Porites, Diploastrea, and encrusting Echinopora."
2022-11-16,kif_01,kifinge,mafia,tanzania,-7.84939,39.86331,4,22,27,18.2,10,18.5,Shallow lagoon plateau 1-3m depth to sand bottom with numerous small live coral heads and diverse taxa. Several Galaxea patches. 
2021-11-21,kkd_02,kikadini,waa,kenya,-4.21481,39.61696,4,9,27,13.9,10.5,18.8,"Relatively good hard corls cover, also soft corals available, ocaasionally halimeda patches"
2023-03-24,kkr_01,kadhikia_kuru,kiunga_marine_reserve,kenya,-1.723652,41.537266,3,10,29,2,2,NA,NA
2022-03-30,klg_01,kilingoni,munje,kenya,-4.54755,39.46273,2,7,26,8.2,3.5,10.3,Shallow narrow reef with seagrass and sand areas on the edge on the south facing side and shallow reef flat on the north facing side
2021-11-20,kmo_01,kinondo_makonde,diani,kenya,-4.40924,39.56028,2,14,26,16,9,16.6,Hard corals and soft corals from 8m then a mixture of macroalgae and sand patches at 10m
2021-11-20,kmo_02,kinondo_makonde,diani,kenya,-4.40924,39.56028,2,10,28,12,7,11.9,Shallow with gently slope with rubble on the edge. Old porites bommies some dead and some alive
2022-03-03,kny_01,kinyika_inner,lamu,kenya,-2.43039,40.8404,1,7,27,12.3,7.2,12.3,"flat shallow reef with isolated macroalgae and hard corals, some patches of sand and reef areas"
2022-03-05,knyo_01,kinyika_outer,lamu,kenya,-2.430123,40.842049,2,7,27,7.8,3.7,7.8,Macroalgae and isolated hard corals and soft corals. Some ledges and caves with large schools of grunts and snappers. Some patches towards the south end bare with sand pacthes and rubble
2021-04-13,kse_01,kisite_east,kisite_marine_national_park,kenya,-4.71487,39.38127,3,15,28,10,5,10,Reef with extensive and rich coral cover upto to 10m then sand and patches of seagrass. 
2021-04-13,kse_02,kisite_east,kisite_marine_national_park,kenya,-4.715047013,39.38061403,3,15,28,6,5,8,"Shallow site upto 6m big galaxea colony, Sand flat from 6m, big galaxea colony at 3m"
2021-11-18,ksm_01,kaya_similani,waa,kenya,NA,39.65393,3,13,26,14,9,14.5,"Rich hard coral and soft corals at 11m Large platygyra at 12m, rubble and isolated coral pathes at 12m "
2021-11-18,ksm_02,kaya_similani,waa,kenya,-4.15567,39.65119,2,14,26,13.5,9.4,15.3,"Hard coral and dominant soft corals to 14m, rubble and macroalgae from 14 m and below, small crevices and ledges in some sections. "
2022-11-17,msu_01,kisiwa_kikubwa,mafia,tanzania,-7.96221,39.7943,3,10,27,14.7,3.4,15,"40 degree slope, high rugosity, with soft coral dominated, some very large Porites but flattened growth form. Ends at ~ 15-17m to slight rubble/sand slope"
2022-11-17,kik_01,kisiwa_kikubwa,mafia,tanzania,-7.95904,39.79773,2,10,27,6.9,1.9,10,"Inner protected reef in Chole Bay. Complex topography (rugosity 4) with pinnacles with steep walls covered with sponges and ascidians, and elsewhere soft corals and brown algae common, live hard coral relatively uncommon."
2022-11-20,kitin_02,kitutia_inner,mafia,tanzania,-8.12197,39.65401,2,16,27,9.7,3.4,NA,"Shallow lagoonal reef plateau at 5-3m. Short slope to 8m with Galaxea, branching Acropora going to algae and sand bottom. Very high live coral cover."
2022-11-20,kitin_01,kitutia_inner,mafia,tanzania,-8.11881,39.65028,2,20,27,10.6,4,NA,"Forereef slope at 35 degrees to rubble and sand bottom at 18-20m. Slope dominated by soft corals, sponges, some live corals including plate Acropora (two very large plates). Some very large boulders and overhangs"
2022-11-21,kitout_02,kitutia_outer,mafia,tanzania,-8.13405,39.64901,2.5,22,26,13,99,NA,"Scattered boulders on sand and rubble on slope of 20 degrees to 13m, dominated by macro algae, mainly Lobophora, Milipora also abundant, and dead coral and hydroids. "
2022-11-21,kitout_01,kitutia_outer,mafia,tanzania,-8.13151,39.64531,2,20,27,12,8,13,Reef plateau at 4-2m. High live coral cover. Coral and sand patch slope to 10-15m. Some patches of soft corals and dead hard corals.
2023-02-16,ktw_01,kitwani,kizingitini,kenya,-2.10469,41.17887,2,7,27,4.3,2.9,NA,NA
2019-11-16,kug_02,kokota_uvinje_gap,pemba_is,tanzania,-5.13836,39.63672,NA,9,27,12,6,14.5,"Thin strip of scattered coral bommies on sand / rock base off wider sand flat in centre of Kokota island facing centre of channel between Kukota and Uvinje. Dominated by large vase sponges, some small black Tubastrea, soft corals very common. Low topography and large expanses of sand. Low fish density and diversity."
2019-11-16,kug_01,kokota_uvinje_gap,pemba_is,tanzania,-5.13608,39.64122,NA,9,27,14,2,17.5,"In the channel site is towards northern end of Kukota island. Several live coral heads – Acropora, Favites, Pocillopora, in 2- 3m on sand very close to coral cliff of Kukota island. Reef edge at 4m and drops steeply at 80 degrees. High cover of live encrusting corals on wall, many hydroids, many unidentified small very thin spiky white coral (not hermatypic). Sea whips common. Undulating reef slope with large banks of Echinopora in the more gently sloping grooves. Walls carpeted with high cover and diversity of largely encrusting and small massive corals to ~17m. Sponges common. Reef ends at around 25m in channel of sand. Turbid, viz at 9m. Cold water at > 11m. Small acanthurid species,  pomacentrids and tobies common. Moderate diversity of small labrid species. "
2023-03-27,kui_01,kui,kiunga_marine_reserve,kenya,-1.826736,41.444974,3,15,28,4.3,NA,NA,NA
2020-11-25,kur_01,kuruwitu_tengefu,vipingo,kenya,-3.80801,39.83634,1,9,28,3,1.5,NA,NA
2020-11-25,kur_02,kuruwitu_tengefu,vipingo,kenya,-3.80468,39.83561,1,9,28,3.2,1.5,NA,NA
2022-10-27,lbb_01,lobster_bank,mombasa_marine_national_park,kenya,-3.99338,39.75605,2,10,26,16.4,7,16.4,"40 degree slope. Dominated by soft corals, followed by algae and a few live corals"
2022-10-27,lbb_02,lobster_bank,mombasa_marine_national_park,kenya,-3.99619,39.7544,2,10,26,14.5,7.5,15,"40 degree slope. Dominated by soft corals, followed by algae and a few live corals"
2021-03-24,lev_01,leven,mombasa_marine_national_reserve,kenya,-4.06152,39.72062,2,12,29,14,9,18.6,"Encrusting HC, Echinopora at 8m Filamentous algae. SC and HC at 16m slope from 12 to 17m of 30"
2021-03-24,lev_02,leven,mombasa_marine_national_reserve,kenya,-4.05775,39.72238,2,14,29,15,9,20,"Slope 0f 30 from 12-15m with SC and HC dominant at this depth. Medium topography at 13m. Habitat changes to filamentous algae and fleshy MA including halimeda  from 15m,. Some encrusting HC, Echinopora at 16m. Sand flat from 20m"
2021-04-14,lmp_01,lower_mpunguti,kisite_marine_national_reserve,kenya,-4.69086,39.39813,1.5,12,29,3.6,1.5,3.6,"Sheltered shallow reef with a narrow rich hard coral area going E to W, Sand and macroalgae  the edge."
2021-04-14,lmp_02,lower_mpunguti,kisite_marine_national_reserve,kenya,-4.68446,39.39701,1.5,12,28,3.7,1.8,4,"Sheltered shallow reef with a narrow rich hard coral area going E to W, Sand and macroalgae  the edge."
2023-02-19,mab_01,mabiyu,kizingitini,kenya,-2.09127,41.17648,1.5,6,28,3.7,1.8,NA,NA
2020-11-17,mar_01,marereni_tengefu,marereni,kenya,-2.87981,40.20876,1,8,28,5,2,NA,NA
2023-02-21,mat_01,manda_toto,lamu,kenya,-2.21796,40.97657,2.5,3,27,7.1,3.4,NA,NA
2022-10-28,mbcg_01,mombasa_coral_garden,mombasa_marine_national_park,kenya,-3.99084,39.75045,1,8,26,2.3,1.5,NA,Flat inner lagoon reef. Very shalow. Patches of live coral. Shallower to the north with more macroalgae
2022-04-02,mbo_01,mboe,msambweni,kenya,-4.53941,39.4878,2,14,30,8.5,3.8,14.5,"Mix of hard corals  macroalgae and soft corals, reef ending at 14.5m into a flat rubble substrate. Massive pachyseris coral colony"
2022-04-02,mbo_02,mboe,msambweni,kenya,-4.54421,39.48566,2,14,30,10.3,8.6,10.3,Hard corals and macroalgae on a slope of 30 ending at 14m. Massive plates of pachyseris at 13m. Sand  from 14m
2022-02-04,kanz_01,kanzoni,moheli,comoros,-12.400322,43.673695,3,16,29.5,20,7,20,50º slope with sand gullies. High LC monstly Acropora about 70% of LC. 70% LHC occasional bleaching. Lot of hydroids at 7-8m. Spur and coral ridges with sand and rubble gullies
2022-02-05,kanz_02,kanzoni,moheli,comoros,-12.407173,43.671539,3,15,29,16,12,16,"high live coral cover about 80%, lots of Acropora. High LC at 20-30m where it leads out to sand + coral patches. High CCA. Depleted fis"
2022-04-05,mek_01,mekka,msambweni,kenya,-4.482,39.52639,1.5,14,29,14,11.2,14,Forereef with a slope of about 10 dominated by soft corals and hard corals ending at 14m. Slope ends at 14m and a flat substrate with rubble and sand takes over
2022-04-05,mek_02,mekka,msambweni,kenya,-4.48421,39.52488,1,14,30,12.4,11.8,14.1,Forereef with reef ending at 13m with flat substrate dominated with rubble. Soft corals dominant with patches of hard corals areas and isolated big hard corals colonies
2021-11-19,mgd_01,magandia,waa,kenya,-4.18336,39.63314,3,13,26,14,9.3,18.8,Seagrass on the landward shallow at 7-8m. Hard corals and soft corals  at 11m on flat reef then dominated by macroalgae from 13m with isolated hard coral colonies at 15m. Macroalgae and sand pacthes from 18m  montipora. 
2019-11-12,man_01,mandela,pemba_is,tanzania,-4.9971,39.65572,NA,16,27,17,7,19.3,"Sand and scattered coral heads at 3- 4m, with some Diadema. Reef edge at ~ 5m, with forereef wall sloping 70-90 degrees with overhangs and ledges, very little live coral > 17m depth. Reef wall gives way to sand at ~ 20-25 m which slopes at 40 degrees beyond visibility. At 13-16m a zone of relatively high coral cover, mainly encrusting low topography forms, several genera, and also soft corals. Depleted  numbers, but some small schools of Lethrinus harak. Some very large Cheilinus trilobatus males. This species and Hologymnus species (fascistus and doliatus) relatively common compared to elsewhere. More parrotfishes but all small – including Chlorurus strongylocephalos. Chaetodons common and diverse"
2019-11-12,man_02,mandela,pemba_is,tanzania,-4.99211,39.65435,NA,15,27,16,9,19.8,"Reef plateau at 6-7m of sand, dead coral and many soft corals. Reef edge at 7m which then slopes at ~ 50 degrees to 16m, then 70 degrees to ~ 20m. This forereef comprises ledges, sand and rock with sponges and some live coral. High dead coral at ~ 15m with sponges abundant. Beyond 20m a 50 degree slope of largely sand and sponges disappearing into depths. Shallow areas are very dead and broken up – a mix of very old bleaching mortality and possibly ring net damage – coral pieces are large and loose suggesting some physical disturbance. Fish depleted. Lethrinus harak relatively abundant. Afew scarids but very low numbers and all small. "
2022-11-15,mgein_01,mange_inner,mafia,tanzania,-8.05631,39.60419,1,16.5,27,4,1.5,5.9,"Reef flat at ~ 3 m with several small coral heads, largely Acropora on old rubble and several large urchins (Echinometra mathae?). Wall of Galaxea at ~  7m – 10m at 60 degrees to sand bottom. "
2022-11-15,mgein_02,mange_inner,mafia,tanzania,-8.04771,39.59784,2,14,27,2.9,1,NA,"Shallow plateau at 1-2 m, short slope at ~4m to ~10m, ends on sand. Shallow plateau is largely dead reef of Acropora staghorn and plates, some live Acropora and small Pocillopora, large areas of sand. "
2022-11-22,mgeout_02,mange_outer,mafia,tanzania,-8.07903,39.60093,3,16,26,13,7,NA,"30 degree slope of sand with scattered dead coral and algae, Lobophora dominate and some Halimeda. Reef ends at 12-15m to gentle sand and rubble slope. Less than 10, almost entirely algae. "
2022-11-22,mgeout_01,mange_outer,mafia,tanzania,-8.07862,39.59646,2,21,27,14,6,14,"Rock and algae reef on sand, very dead. Occasional live Porites, other small massives, dead standing large Acropora plates, one live plate sighted. Turbinaria and brown algae Lobophora. "
2021-11-19,mgd_02,magandia,waa,kenya,-4.18005,39.63612,3,13,26,12,8.2,18.1,hard corals and soft corals from 7m with macroalgae (halimeda and sargassum) at 12m. Ruuble and sponges dominated at 17m
2023-03-26,mgl_01,magulugulu,kiunga_marine_reserve,kenya,-1.726246,41.536928,3,12,28,3,1.8,NA,NA
2023-03-20,mhd_01,muhindi,mkokoni,kenya,-1.905207,41.371677,3,9,28,6,1,NA,Gully running E-W sandwiching the reef with seagrass towards the shoreline
2022-09-13,male_03,male,grand_comore,comoros,-11.90958,43.51859,2,15,25.2,12.9,7,13,"spurs with steep edges extending from 5 to 10m depth, with hard coral mostly acropora, pocillopora and encrusting, some porites. sandy gullies . Hawksbill turtle"
2022-09-13,male_04,male,grand_comore,comoros,-11.90733,43.52169,2,20,25.3,18,8,18,"spurs with steep edges extending from 5 to 10m depth, with hard coral mostly acropora, pocillopora and encrusting, some porites. sandy gullies. Whipray"
2023-02-14,miki_01,mikes_inner,kiunga_marine_reserve,kenya,-1.99245,41.28386,2,6,27,2,1.5,NA,NA
2023-02-14,miko_01,mikes_outer,kiunga_marine_reserve,kenya,-1.9938,41.29127,3,7,27,4.4,3.7,NA,NA
2023-02-14,miko_02,mikes_outer,kiunga_marine_reserve,kenya,-1.99774,41.29116,3,7,27,4.4,3.7,NA,NA
2022-10-18,mjk_01,mji_wa_kale,mkwiro,kenya,-4.65693,39.3994,1.5,12,28,4.2,2.6,NA,Hard coral reef with patches of macroalgae. Reef slopes down to 10m dominated by soft coral and sea grass
2022-09-10,mimo_01,memboiboini,grand_comore,comoros,-11.37151,43.32579,2,20,26.3,18,16,18,"extended flat of sand at 15m depth with island of dead coral with live hard coral (acropora, porites, pocillopora and encrusting coral) on top, and soft coral"
2022-09-10,mimo_02,memboiboini,grand_comore,comoros,-11.37374,43.31699,2,20,26.3,15.1,6,17,spurs and sandy gullies with scattered hard coral mostly acropora and encrusting. High sedimentation
2022-10-18,mjk_02,mji_wa_kale,mkwiro,kenya,4.65837,39.39407,1.5,12,28,7.1,3.5,NA,"Reef slope dominated by hard coral to 7m, then slope continues to 10m and dominated by soft corals, sponges and seagrass"
2023-02-13,mkcg_01,mkokoni_coral_garden,kiunga_marine_reserve,kenya,-1.96254,41.30585,3,6,27,3.7,3.2,NA,NA
2021-04-12,mkk_01,makokokwe,kisite_marine_national_park,kenya,-4.72326,39.33669,3,15,29,12.5,7.9,12.5,Hard coral and some soft coral to 12m then sand flat. Massive porites >3m and pachyseris at 8m. 
2022-11-13,mil_01,milimani,mafia,tanzania,-7.94522,39.78382,2,11,26,13,7,NA,"“Inner seas” plateau of coral reef patches, with large patches of coral, some  pinnacles with high relief and topograph surrounded by sand/rubble channels. Approx 8-14m depths. Reef of Acropora, some Porites and Diploastrea."
2023-11-01,mits_02,mitsamiouli_2,grand_comore,comoros,-11.3790333,43.2881833,2,17,27,16,10,21,extensive flat rubble or sand with islands of coral mainly acropora
2023-11-01,mits_03,mitsamiouli_2,grand_comore,comoros,-11.37499,43.29049,2,17,27,15,8,16,spurs and islands of coral dominated by acropora and some pocilopora cca + large expensise of sand areas and some rubbles
2018-10-15,ptou_01,point_ouani,moheli,comoros,-12.24682,43.65845,NA,14,26,16,6,20,"Deep narrow spur and groove structure with grooves of sand, close to rocky cliff shore. Sand bottom at 15m with scattered high bommies. Moderately high dead coral, silt and rubble. Top of spurs with higher coral cover, mostly Acropora. Dead coral looks like old die off from bleaching. fish not very diverse and densities fairly low, several snapper species."
2018-10-16,ptou_02,point_ouani,moheli,comoros,-12.24845,43.65062,NA,29,26,17,8,20,"Spur and groove structured reef to sand at around 20m. Largely dead coral on the shallow part of the plateau before the edge, looks like old bleaching damage, rock now covered in turf algae with some silt.. Somw coral re-growth and CCA high. Favids quite common, black coral at 16m. Diversity moderately high, eg Coris aygula. Some very large schools of Lutjanus gibbus, large schools of Kyphosus sp. and moderately large schools of Gymnocranius grandoculis."
2019-11-10,mis_02,misali,pemba_is,tanzania,-5.24336,39.59339,NA,24,27,16,9,18.5,"Large dead Acropora plates at ~ 7m bordering sand. Reef edge not distinct – rolling ridges of coral and grooves of sand until hard reef edge at 14-15m which then slopes at 50 degrees to sand at ~ 20m. Live coral cover high from around 14m. Many encrusting species – Echinopora etc. The shallow reef ~ 6m dominated by soft corals, dead corals, sponges. Fish populations depleted."
2019-11-10,mis_01,misali,pemba_is,tanzania,-5.23994,39.59536,NA,20,27,16,8,20.5,"Spectacular forereef with very high live coral cover from reef edge at 13m, but with some small areas of sand and rubble. Wall from ~ 16m at 85 degrees and at around 20m coral presence declines, and continues beyond visibility. Some bleached and dead coral particularly Acropora and on reef plateau at 6 – 9m very high mortality of large Acropora plates. Likely from bleaching and looks old – prior to 2016.Fish very depleted. Scarids present and fairly high species diversity but numbers very low. Chaetodon diversity high. 3 Cephalopholis argus but no other groupers. Fishing line very common"
2018-10-13,mrgn_01,miringoni,moheli,comoros,-12.297,43.62397,NA,26,26,18,8,23,"Less distinct spur and groove structure and quite silty, but good coral cover - ~50%. Reef drops to sand, small rocks with turf-algae and silt with scattered mushroom corals (Fungia) at 20-25m. Some coral mortality eg of large Acropora plates. Subragorgia at 22m. Encrusting Goniopora notable and large domes of Favia. Several brain corals, some large Porites bommies in shallows – around 8m. Reef is subtidal flat much closer to shore. Very reduced fish numbers and species. BUt 1 Epineph. flavocaeruleus and Plec laevis. 
1 Plectropomus laevis and 1 Epinehphelus flavocaeruleus."
2018-10-13,djrn_01,djirani,moheli,comoros,-12.28323,43.6221,NA,17,26,15,6,NA,"Shallow forereef fringing mainland which ends on sand at between 10m and 15m. Very rugose with some large Porites, diverse corals, but only about 30% live coral, and also lots of soft coral and turf algae particularly on shallow plateau which is largely dead with turf and several Acanthurus lineatus. Silty.  Fish numbers  and species low. 1 Epinephelus flavocaeruleus."
2018-10-14,djrn_02,djirani,moheli,comoros,-12.27261,43.62108,NA,19,26,17,7,19.6,"Broken up reef edge, lots of dead coral wth turf algae. Some rubble and large boulders with turf. Lots of silt. Large sand patches. Looks like coral mortality from old bleaching event, and possibly some dynamite fishing since rubble and coral boulders are large. Slope ends on sand at ~20m. Live coral largely Pocillopora and Porites. 1 Epinephelus multinotatus."
2018-10-14,mrgn_02,miringoni,moheli,comoros,-12.30268,43.62671,NA,25,-1,13,6,18,"Forereef with spur and groove structure slopes steeply and quickly to sand bottom with isolated bommies at ~ 15m. High live coral (~50%) on reef edge favids, Acropora, Goniopora, areas of staghorn Acropora in shallows (~6m). Some silt, large areas of sand. Moderate rogusity. Few fish, but parrotfish diversity relatively high, though numbers low. Three large Cetoscarus ocellatus males, Sphyraena barracuda. "
2021-04-12,mkk_02,makokokwe,kisite_marine_national_park,kenya,-4.72159,39.33532,3,15,28,11.5,7,11.1,"Extensive HC and SC from shallow 2m to about 8m . Filamentous algae + lobophyta MA, flat sandy substrate after 8m"
2021-03-31,mlcg_01,malindi_coral_garden,malindi_marine_national_park,kenya,-3.25604,40.14085,1,6,30,2,1,3.2,"Shallow lagoon reef with HC growth some partial dead, Massive and branching porites"
2021-03-31,mlcg_02,malindi_coral_garden,malindi_marine_national_park,kenya,-3.25932,40.14463,1,6,30,2,1,3,"Shallow lagoon reef with patches of coral growth interspersed with sand, rubble and seagrass patches"
2022-04-01,mli_01,mliani,msambweni,kenya,-4.53723,39.46921,1.5,11,30,10.1,5.9,11.4,Reef on a slope of 20 ending at 10m. Rich hard corals and soft corals with massive posites and asteopora. Seagrass and sand from 10m
2022-04-01,mli_02,mliani,msambweni,kenya,-4.53429,NA,1.5,11,30,9.6,6.2,9.8,Rich hard corals and soft corals upto 9m then seagrass and sand 
2021-03-18,mor_01,moray,watamu_marine_national_reserve,kenya,-3.37962,40.0112,3,14,28,15.6,10,21.8,"SC on the flat at 10m big diploastrea >1m at 14m, Large shoals of kyphosidae + hexacanthus, many dead acropora colonies at 10m"
2021-03-18,mor_02,moray,watamu_marine_national_reserve,kenya,-3.38275,40.00785,3,16,28,15.1,10,22,"Some halimeda, Sc and HC at 10m about 30 slope from 12m rubble and bare substrate at 20m low relief from DC"
2022-10-19,mps_01,mapasi,mkunguni,kenya,-4.47096,39.50707,2,10,28,6.4,4.2,NA,Flat forereef area dominated by soft corals with ridges and occasional hard coral. Inner area bordered by macroalgae and outer by sand
2022-10-19,mps_02,mapasi,mkunguni,kenya,-4.47471,39.50128,2,6,28,7.2,5.1,NA,Rubble and macroalgae dominaned flat reef. Occasional soft coral and ridges
2020-11-24,mrd_01,mradi_tengefu,kanamai,kenya,-3.94492,39.7806,1,9,28,3.6,2,NA,NA
2023-02-19,mtb_01,mtanga_wa_bandari,pate,kenya,-2.18239,41.02393,1.5,9,28,2,0.9,NA,NA
2021-11-16,mvu_01,mvureni,diani,kenya,-4.35188,39.57766,2,12,26,12,8.6,15.9,"patches of macroalgae and cyano mats at 12m, Rich hard corals and soft"
2022-04-03,mwk_01,mwakinyavu,msambweni,kenya,-4.56582,39.47786,1.5,14,29,7.9,6.5,11.4,Reef with a gently slope of 10 ending at 8m with rubble and sand taking over. The reef aea consist of a mixture of soft corals and hard corals with occasional patches of Macroalgae overgrowing corals. A few dead standing acropora colonies
2022-04-03,mwk_02,mwakinyavu,msambweni,kenya,-4.56088,39.47862,1.5,14,29,11.4,8.7,11.4,"Flat reef with encrusting colonies of hard corals that change into a massive galaxea colony at 9m, some filamentous algae."
2023-03-25,mwm_01,mwamba_mkuu,kiunga_marine_reserve,kenya,-1.778497,41.510267,3,8,28,10.8,9,NA,NA
2023-02-12,mwy_01,mwamba_yee,pate,kenya,-2.23677,41.07044,1.5,11,28,8.6,5,NA,"Outer fringing reef. Flat at 5m, macroalgea, rock & sand dominated. 20 degree slope to sand and macroalgea at 10. Very few live corals, very occasional small porties bommies. Transects done on the landward side of the slope."
2018-10-11,mrrn_01,mirereni,moheli,comoros,-12.33908,43.65045,NA,20,26,17,10,17,Beautiful complex reef with rich coral growth and diversity but few fish. Spur and groove structure ~500 metres from shore. Gentle slope and then drops at ~ 17m steeply at 65 degrees where encrusting Goniopora dominates. Saw Subragonia octocoral at ~ 25m but was too shallow to return to photograph it. But few fish.
2018-10-12,mrrn_02,mirereni,moheli,comoros,-12.32809,43.64773,NA,25,26,19,6,17,Steeply sloping reef at 13-15m with encrusting Porites and others eg. Pachyseris? Very high coral cover ~ 70% on spurs. Several large Chlor strongylocephalos & Monotaxis grandoculis.
2018-10-09,frng_01,ferenga,moheli,comoros,-12.4108,43.70401,NA,22,26,19,7,19.8,"Rich coral growth, moderately high diversity, some large favids, some large plates, ~ 70% cover, moderately high rugosity. Fringing islet facing south and slopes fairly steeply at ~ 45 degrees to sand and rubble at ~ 20-25m. Parrotifsh quite common and diverse and TP present and quite large. 1 Plectropomus laevis."
2018-10-10,frng_02,ferenga,moheli,comoros,-12.41786,43.70248,NA,18,26,18,7,18.4,"Reef fringes rock wall of island with a shallow plateau at ~ 5m, which then drops at ~45 degrees with very rich coral growth, to around 20m of sand and rubble. Corals dominated by various Acropora, domes of Favia and large stands of digitate Porites. Moderate fish diversity; several parrotfish, some very large, such as Scarus rubroviolaceus. Some large Plectropomus laevis –one strange mottled colour, not seen before, and Variola louti common."
2018-10-10,samb_01,sambia,moheli,comoros,-12.38775,43.78609,NA,15,26,17,6,17,"Fringing reef with spur and groove structure, sloping to rubble, sand and silt at ~ 20m. High cover of live coral, encrusting Goniopora notable,  but also areas of rubbles and silt; slightly turbid, and some macro-algae. Fish diversity quite high."
2018-10-11,samb_02,sambia,moheli,comoros,-12.39301,43.79161,NA,20,26,17,9,17,"Wide shelf of reef with spur and groove structure. High coral growth on spurs but mostly rubble in the grooves. Corals continue to at least 30m – slope covered with mainly encrusting plate corals at >20m. Highly varied topography – high rugosity. Several parrotfish and surgeon fish, notably several large Naso brachycentron and N. unicornis, though the latter two never in transects! Monotaxis grandoculis, large and several. An enormous Lutjanus bohar (>70cm), several Plectropomus laevis."
2023-11-04,ndje_01,ndjelezi,grand_comore,comoros,-11.37226,43.39113,2.5,27,28,16,8,22,"well develop reef slope 35 degrees with spurs. Moderate live coral mainly small heads. CCA high. Patches of soft and anenom and drop steeply over 80m to sand with ledges. Huge schools of 11cm L. kasmira and L. gibbus. School of 20 C. melampagus, 1 green turle, no big groupoers.E.melanostigma  - is correct, 1 melanostigma recorded but no photo so cannot verify, but definately not spilotoceps."
2022-10-17,ngm_01,ngomani,kibuyuni,kenya,-4.64668,39.32629,1,7,28,2.8,1.4,NA,Patches of hard coral in macroalgea and seagrass and small coral slope to 4m then sand
2022-10-17,ngm_02,ngomani,kibuyuni,kenya,-4.64581,39.3316,1,7,28,3.4,2.3,NA,"Small patches of hard coral on flat dominated by macroalgea, seagrass and sand"
2019-11-09,njc_02,njao_coral_garden,pemba_is,tanzania,-4.95802,39.6694,NA,14,27,12,7,26,"Gentle slope of sand at 20 degrees with scattered coral patches, some live, especially massive corals, soft corals and sponges. Halimeda algae very common especially near the reef edge. Some dead corals and large Acroprora plates corals dead or partially dead, but structure intact, likely old bleaching. Massive corals live – Favia, Favites, Pleriogyra (?) etc.. Edge at 12m. Wall drops very steeply with ledges and large fans and sponges. Still on wall at 27m, and bottom not seen! No live coral observed on wall and very few fish, felt like a mesophotic reef! Strongly depleted, no groupers, no lutjanids, but scarids present."
2019-11-09,njc_01,njao_coral_garden,pemba_is,tanzania,-4.95431,39.6672,NA,12,28,15,10,21,"Gentle slope of 15 degrees at reef top in 8-10m, with banks of live Echinopora and some Galaxea. Some patches of dead coral and areas of soft corals. Fish trap and a set bottom gillnet. Reef edge at ~ 12- 13m depth and then drops at 50 degrees to sand bottom at ~ 30m. Steep slope has almost full cover of hard coral – primarily extensive banks of Galaxea and Echinopora. Several other corals also present – fungids, Acropora, Pocillopora. Very healthy stretch of reef except for fish pop - strongly depleted, no groupers, only 3 individual emperors and no reef lutjanids, but chaetodons quite diverse and scarids are present."
2019-11-06,njg_01,njao_gap,pemba_is,tanzania,-4.95902,39.66761,NA,11,27,18,7,21,"Southside of reef pass / island channel. Fairly strong current, particularly at surface, going out to sea, this before high tide. Reef plateau at 7-10m dominated by Halimeda, moderately high topography of very large coral bommies, mostly dead. Slopes to reef edge at ~ 13m then a wall that drops at 90 degrees in the channel to a sand slope at around ~25m which slopes at ~ 70 degrees. Sand a common substrate. Wall has fans, and many sponges. Some small Acropora. Fish highly depleted. Kyphosids quite common on plateau. 12 giant barracuda."
2021-03-30,nor_01,north_reef,malindi_marine_national_park,kenya,-3.24697,40.14929,2,12,29,13.1,7,13.1,"Degraded reef at 10m with high ruef algae and halimeda, gentle slope ~20 to 10m then flat sand and rubble, some colonies of pachyseris and echinophyllia. Medium relief from DC"
2021-03-30,nor_02,north_reef,malindi_marine_national_park,kenya,-3.24513,40.14784,2,12,29,12.8,8.3,12.8,"Rubble from 8m with a slope of 30, generally degraded reef with medium relief from DC, flat and rubbly from 12m onwards. One COTs observed at 9.5m"
2023-03-23,nycg_01,nyali_coral_garden,mombasa_marine_national_reserve,kenya,-4.02071,39.73404,2,8,29,2,1,NA,"Flat inner shallow terrace. Large porites bommies, which are exposed at low tide, surrounded by sandy patches and macroalgea covered dead coral. "
2022-11-14,nyn_01,nyamalile_north,mafia,tanzania,-8.0285,39.510833,2,9,27,8.7,2.9,NA,"Very extensive reef plateau (2-8m) of dead stag horn Acropora, areas of dead plate Acropora; high cover of brown algae (large leaf), several small live coral heads, CCA common."
2022-11-14,nys_01,nyamalile_south,mafia,tanzania,-8.042,39.508667,2,16,27,8.3,3,8.6,Patches of coral reefs end on sand at ~ 12m. Coral (Millepora) and black sponges very common. Live corals scattered but with large areas of Pachyseris and Lobophyllia.
2022-09-09,ndje_01,ndjelezi,grand_comore,comoros,-11.37216,43.39191,2,15,26.1,NA,NA,25,"No transect completed - strong current. large spurs and sand gullies to 16-18m depth. steep slope. High density of fish (redtooth triggerfish, fusiliers), 5 large napoleon wrasse, 3 large potato groupers"
2023-11-04,ndje_02,ndjelezi,grand_comore,comoros,-11.37578,43.3952,3,26,27,15,8,24.5,steep sandy slope at 13-16m mostly spurs of consolidated coral rock with sandy surface. Change with abrupt 50degree sandy slope at 16m. A deep spur with sandy ledges. Patch of cold water flowing
2020-11-19,pap_01,papa_reef,malindi_marine_national_park,kenya,-3.26395,40.14376,1.5,10,27,10,5.6,NA,NA
2020-11-19,pap_02,papa_reef,malindi_marine_national_park,kenya,-3.26084,40.14191,1.5,10,27,11,4.2,NA,NA
2019-11-07,par_01,paradise,pemba_is,tanzania,-4.91343,39.67091,NA,15,27,15,10,18,"Extremely damaged reef. Dead and broken up reef and sand plateau at ~ 5m. Looks exactly like dynamite damage – large scattered pieces of old coral. High level of rubble. Diadema urchins abundant. Sand dominates. Reef crest at ~ 12 m to sandy slope. Scattered dead coral pieces covered with soft corals, some sponges. Low topography. Occasional small live Acroprora and Porites. “Reef” ends on sand at ~ 25m, with bommies visible further offshore on sand. Very few fish. Several species of small labrids present"
2023-02-17,pet_01,pethali,shanga,kenya,-2.20232,41.05655,3,8,27,7.9,5.8,NA,NA
2023-02-17,pet_02,pethali,shanga,kenya,-2.20477,41.05257,3,8,27,5.7,4.2,NA,NA
2022-09-06,ndro_01,ndroude,grand_comore,comoros,-11.40755,43.41835,2,20,25.8,18,10,18,"coral spurs to over 20m depth, sand channels, solid dead coral base with occcaisionla live acropora and pocilopora. Lots of large fishes deeper, napoleon wrasses, large potato grouper, 3 grey reef sharks"
2023-02-10,pop_01,popo,pate,kenya,-2.18108,41.04583,2,7,28,6,2,NA,"Galaxia abundant on reef top at 4m with diverse algae, Lobophora and Halimeda dominate. Slope to sand bottom at 10-12m. Areas of sand and rubble with red algae. Relative high and diverse live coral cover in patches "
2023-02-23,riw_01,ras_iwatine,mobasa_marine_national_reserve,kenya,-2.21796,40.97657,1,7,28,1.5,0.5,NA,Flat shallow inner reef. Mainly algea dominated with patches of dead hard coral and coraline algea.
2023-02-10,sag_01,sagafu,pate,kenya,-2.17478,41.02607,1,6,28,5,3,NA,Sandy patch with some bommies. Seagrass and sand dominated with sponges. Sedimentation.
2023-02-15,sht_01,shimo_la_tewa,kiunga_marine_reserve,kenya,-2.04374,41.24154,3.5,8,27,4.6,4.1,NA,NA
2022-09-06,ndro_02,ndroude,grand_comore,comoros,-11.41758,43.4235,2,12.5,26,18,8,20,spurs on sand to around 15m depth then sand. Very scarce live hard coral (small Acropora) on the spurs. Fish depleted
NA,,,,,NA,NA,NA,NA,NA,NA,NA,NA,
2019-11-05,scs_01,scorpions_secret,pemba_is,tanzania,-4.88761,39.67553,NA,14,27,16,4,19.8,"Very dead broken up reef plateau at ~ 4m depth, no live coral, gives way to sand sloping at ~ 50 degrees. Large areas of rubble on the sand slope. No live coral or bommies on the slope. Diadema sea urchins very common. Fish highly depleted. No grouper species at all. Small labrid species relatively common."
2019-11-05,scs_02,scorpions_secret,pemba_is,tanzania,-4.8825,39.67491,NA,15,27,13,9,19.6,"Reef plateau at 5-10m of broken up dead coral – looks like old dynamite damage because coral structure does not resemble death from bleaching and collapse of finer structure. Coral structure is overturned and broken up. Could reflect severe cyclone but they don’t occur here. Soft corals abundant. Very few live hard corals. Plateau then slopes at 40 degrees, largely sand but with some coral outcrops at ~ 15m depth of moderately large colonies of live Pavona. Depleted fish populations, snappers notably absent, but small groupers (Cephalopholis spp) common."
2019-11-08,shi_01,shimba,pemba_is,tanzania,-4.87537,39.67348,NA,18,27,14,4,20,"Sand and largely dead reef flat at 4-5 m; slopes to edge at ~ 8m and then a sandy slope dropping at 50 degrees. Sea urchins abundant especially on reef flat. More live coral on sand slope, and the most seen so far on the survey. Nevertheless reef dominated by sand and rubble. Soft coral common on rock/dead coral. Depleted numbers and diversity of fish but schools of small Aprion viriscens."
2019-11-08,shi_02,shimba,pemba_is,tanzania,-4.87225,39.67199,NA,20,26,13,9,18,"Reef flat of rubble and sand. Edge at 8m, slope all dead, mainly rubble and sand and soft coral. Similar to SHI_01. Fish highly depleted. But Ctenochaetus species abundant. Some larger planktivorous Naso species off the reef edge."
2023-03-24,str_01,starfish,mombasa_marine_national_park,kenya,-4.06005,39.71089,1,8,29,1,1,NA,Flat inner lagoon reef. Macroalgea and seagrass dominanted with dead hard coral patches.
2022-11-04,tkg_01,takaungu,kilifi_plantation,kenya,-3.66621,39.88277,2,8,26,13.2,9.3,NA,"Flat fringing reef at 10m, slope at 30 degrees to ~20m. Mostly macroalgea with some patches of soft corals"
2020-11-20,tur_01,turtle_reef,watamu_marine_national_park,kenya,-3.37573,40.00408,2,10,28,8,4,NA,NA
2020-11-20,tur_02,turtle_reef,watamu_marine_national_park,kenya,-3.37676,40.00369,2,10,28,8.2,4.2,NA,NA
2021-04-15,ump_01,upper_mpunguti,kisite_marine_national_reserve,kenya,-4.70173,39.4051,1,12,28,8.9,4,8.9,"Shallow reef starting at 3m big galaxea at 4m, SC down to 6m with no HC, gentle slope, 20, sand at 8m"
2021-04-15,ump_02,upper_mpunguti,kisite_marine_national_reserve,kenya,-4.69941,39.40873,1,12,28,8.2,4,8.2,Extensive growth of galacea interspersed with sand. Only Sand from 8m 
2021-03-17,uyo_01,uyombo,watamu_marine_national_reserve,kenya,-3.42151,39.97653,2,14,28,13,10,19,"High algae cover and some red algae at 18m, Some sand and mainly rubble, dead coral, lionfish common, medium topography in places with dead coral covered in algae"
2022-11-13,utm_01,utumbi,mafia,tanzania,-7.94784,39.78749,3,12,27,14.4,8,15,"Flat fringing reef at 10m, slope at 30 degrees to ~20m. Mostly macroalgea with some patches of soft corals"
2021-03-17,uyo_02,uyombo,watamu_marine_national_reserve,kenya,-3.4253,39.97349,2,14,28,14,10,16.5,"High algae cover and some red algae at 18m, Some sand and mainly rubble, dead coral, lionfish common, medium topography in places with dead coral covered in algae"
2021-02-15,vmn_01,vuma_north,vuma,kenya,-3.739983,39.856283,3,12,26,15,9,18,NA
2021-02-15,vmn_02,vuma_north,vuma,kenya,-3.736633,39.8565,3,12,26,17,5,17,NA
2021-02-16,vms_01,vuma_south,vuma,kenya,-3.762467,39.848483,3,10,26,16,9,17,NA
2021-02-16,vms_02,vuma_south,vuma,kenya,-3.758617,39.84935,3,10,25,17,9,19,NA
2020-11-23,was_01,wasini_tengefu,wasini,kenya,-4.65405,39.3628,2,8,27,7,1.5,NA,NA
2020-11-23,was_02,wasini_tengefu,wasini,kenya,-4.65436,39.36415,2,8,27,7.3,2.1,NA,NA
2021-04-01,wcg_01,watamu_coral_garden,watamu_marine_national_park,kenya,-3.38165,39.99378,2,6,28,4,1.5,4.5,Shallow degraded reef with structure of dead porites. A few massive porites. Sand and seagrass on the seaward edge and seagrass on the landward side
2021-04-01,wcg_02,richard_bennet,watamu_marine_national_park,kenya,-3.37821,39.9974,1.5,6,28,4,1,4,Shallow narrow reef with a few large porites bommies and a diverse of other coral general. Some patches of sand and seagrass on the edge both on the seaward and landward
2022-11-03,wmb_01,wembe,kuruwitu,kenya,-3.76209,39.8414,3,12,27,12.8,10.6,NA,"Fringing reef close to Vuma cliffs. Gently sloping plateau reef to 10m. 45 degree slope to depth. Mainly soft corals, with some live coral and macroalgea."
2022-11-03,wmb_02,wembe,kuruwitu,kenya,-3.76662,39.84587,3,10,27,12.2,10,NA,"Fringing reef close to Vuma cliffs. Gently sloping plateau reef to 10m. 45 degree slope to depth. Mainly soft corals, with some live coral and macroalgea."
2022-11-19,yuy_02,yuyuni,mafia,tanzania,-7.98624,39.81177,3.5,16,25,16,9,21,"Forereef slope at 35 degrees to rubble and sand bottom at 18-20m. Slope dominated by soft corals, sponges and rock with sand patches. Several live corals, including plate Acropora, Pocillopora common and Porites"
2022-11-19,yuy_01,yuyuni,mafia,tanzania,-7.198201,39.81374,3,21,27,19.5,11,19.3,"Wall slopes at ~ 75 degrees to around 22m, composed of bare rock covered in low turf like algae, brown and green, sand, occasional small hard corals. Appears to be more of an algal reef not coral reef. Upper plateau dominated by algea."
